Title,Score,Comments,URL
India Q2 GDP: GDP Growth Hits 8-Quarter Low at 5.4%: What's Slowing Down the Economy?,119,64,https://www.reddit.com/r/IndianStockMarket/comments/1h2jpgk/india_q2_gdp_gdp_growth_hits_8quarter_low_at_54/
"What's going on with Adani stocks ? I bought it at the dip and sold it today.. I thought it will take minimum 1 month to recover, but it's just 1 week... Is manipulation going on at big level? ",77,77,https://www.reddit.com/r/IndianStockMarket/comments/1h2hof7/whats_going_on_with_adani_stocks_i_bought_it_at/
Hold some cash,18,11,https://www.reddit.com/r/IndianStockMarket/comments/1h2m78i/hold_some_cash/
Goodbye to weekly expiries ,38,40,https://www.reddit.com/r/IndianStockMarket/comments/1h2gpxo/goodbye_to_weekly_expiries/
This is what FII knew when they were selling.,11,8,https://www.reddit.com/r/IndianStockMarket/comments/1h2ncj1/this_is_what_fii_knew_when_they_were_selling/
Shoonya App is down. Barely any accountability or acknowledgement. Also a short story.,32,52,https://www.reddit.com/r/IndianStockMarket/comments/1h2g86k/shoonya_app_is_down_barely_any_accountability_or/
What is wrong with these TV analysts,23,11,https://www.reddit.com/r/IndianStockMarket/comments/1h2cwkx/what_is_wrong_with_these_tv_analysts/
45 new stocks added in derivatives segment making a total of 223 F&O stocks to trade! ðŸ“ˆ,18,3,https://www.reddit.com/r/IndianStockMarket/comments/1h2egm5/45_new_stocks_added_in_derivatives_segment_making/
Groww Close Out Procedure,5,1,https://www.reddit.com/r/IndianStockMarket/comments/1h2kdzb/groww_close_out_procedure/
"Market on Nov 29, 2024",24,1,https://www.reddit.com/r/IndianStockMarket/comments/1h2coya/market_on_nov_29_2024/
BEL & NPTC green energy,3,4,https://www.reddit.com/r/IndianStockMarket/comments/1h2lser/bel_nptc_green_energy/
Investment strategy with a salary of Rs.20k per month? ,22,20,https://www.reddit.com/r/IndianStockMarket/comments/1h2c9ff/investment_strategy_with_a_salary_of_rs20k_per/
charting site/software that allows me to research approx 90k 1 minute stock candles from the start of 2024? Tradingview is max 40k. legit anwser gets 10 usd in btc to their wallet.,2,2,https://www.reddit.com/r/IndianStockMarket/comments/1h2nohy/charting_sitesoftware_that_allows_me_to_research/
How does short sellers make money in India ,2,4,https://www.reddit.com/r/IndianStockMarket/comments/1h2n20n/how_does_short_sellers_make_money_in_india/
How do full time investors make money consistently?,12,9,https://www.reddit.com/r/IndianStockMarket/comments/1h2do9f/how_do_full_time_investors_make_money_consistently/
Is shoonya working today ?,12,112,https://www.reddit.com/r/IndianStockMarket/comments/1h2dv7k/is_shoonya_working_today/
Iska maa k FII MARU,166,104,https://www.reddit.com/r/IndianStockMarket/comments/1h1wh6k/iska_maa_k_fii_maru/
"I genuinely feel for Tata motors, it's all downhill from here....",648,154,https://www.reddit.com/r/IndianStockMarket/comments/1h1p9ii/i_genuinely_feel_for_tata_motors_its_all_downhill/
Adani Green Energy Incorporates New Subsidiary to Expand Clean Energy Ventures.,2,1,https://www.reddit.com/r/IndianStockMarket/comments/1h2lgw5/adani_green_energy_incorporates_new_subsidiary_to/
Zee Entertainment: Ready to Steal the Show? ,3,4,https://www.reddit.com/r/IndianStockMarket/comments/1h2hypw/zee_entertainment_ready_to_steal_the_show/
OLA Electric insider trading ,3,6,https://www.reddit.com/r/IndianStockMarket/comments/1h2hhil/ola_electric_insider_trading/
Is there a bubble in defence sector?,1,3,https://www.reddit.com/r/IndianStockMarket/comments/1h2o955/is_there_a_bubble_in_defence_sector/
Suggest some books ,4,15,https://www.reddit.com/r/IndianStockMarket/comments/1h2gvzn/suggest_some_books/
Which YouTube playlists do you suggest if beginner wants to learn Intraday trading from scratch to advance level please suggest ? ,2,5,https://www.reddit.com/r/IndianStockMarket/comments/1h2i3z7/which_youtube_playlists_do_you_suggest_if/
Buy Polygranite Sheet,0,1,https://www.reddit.com/r/IndianStockMarket/comments/1h2lfd6/buy_polygranite_sheet/
"Shoonya not working Error "" Connection issue"" no customer care",3,6,https://www.reddit.com/r/IndianStockMarket/comments/1h2foe3/shoonya_not_working_error_connection_issue_no/
My Journey of Financial Growth Over 3 Years ,18,12,https://www.reddit.com/r/IndianStockMarket/comments/1h257ay/my_journey_of_financial_growth_over_3_years/
"""Burnol"" the Hidden multibagger from 2014 (LOL But true)",126,4,https://www.reddit.com/r/IndianStockMarket/comments/1h1sn1s/burnol_the_hidden_multibagger_from_2014_lol_but/
What should I learn first Fundamental or Technical Analysis?,3,29,https://www.reddit.com/r/IndianStockMarket/comments/1h2f79v/what_should_i_learn_first_fundamental_or/
Average price issue,0,4,https://www.reddit.com/r/IndianStockMarket/comments/1h2j59z/average_price_issue/
Share average ,0,2,https://www.reddit.com/r/IndianStockMarket/comments/1h2j3wy/share_average/
Portfolio view application,3,3,https://www.reddit.com/r/IndianStockMarket/comments/1h2drxj/portfolio_view_application/
Short Delivery Compensation On Groww,1,1,https://www.reddit.com/r/IndianStockMarket/comments/1h2inv1/short_delivery_compensation_on_groww/
HOW TO TRANSFER HOLDINGS FROM GROWW TO ANOTHER BROKER ?,5,15,https://www.reddit.com/r/IndianStockMarket/comments/1h2bb2t/how_to_transfer_holdings_from_groww_to_another/
Need opinion on MF investments,0,3,https://www.reddit.com/r/IndianStockMarket/comments/1h2i3lt/need_opinion_on_mf_investments/
Athena Global Technologies,1,3,https://www.reddit.com/r/IndianStockMarket/comments/1h2ho87/athena_global_technologies/
Need help I have done something wrong?,0,2,https://www.reddit.com/r/IndianStockMarket/comments/1h2kxhq/need_help_i_have_done_something_wrong/
Thoughts on SBI life insuarance,2,2,https://www.reddit.com/r/IndianStockMarket/comments/1h2dwcj/thoughts_on_sbi_life_insuarance/
Which website can be used for intradat trading analysis ,1,4,https://www.reddit.com/r/IndianStockMarket/comments/1h2h2zg/which_website_can_be_used_for_intradat_trading/
CHANGE IN EXPIRY DATES FROM 2025,0,1,https://www.reddit.com/r/IndianStockMarket/comments/1h2gupj/change_in_expiry_dates_from_2025/
Tradingview traders,1,5,https://www.reddit.com/r/IndianStockMarket/comments/1h2gqsh/tradingview_traders/
Urgent question Please help,1,9,https://www.reddit.com/r/IndianStockMarket/comments/1h2gn02/urgent_question_please_help/
Knowing yourself and the variables you're betting on is crucial,1,1,https://www.reddit.com/r/IndianStockMarket/comments/1h2ga4j/knowing_yourself_and_the_variables_youre_betting/
Do you really pay for premium services by sebi registered research analyst ? ,1,15,https://www.reddit.com/r/IndianStockMarket/comments/1h2g9w6/do_you_really_pay_for_premium_services_by_sebi/
Stock Missing from Paytm Money Portfolio but Visible in CDSL App (NAVIAMC)? Should I Wait?,1,3,https://www.reddit.com/r/IndianStockMarket/comments/1h2g5wv/stock_missing_from_paytm_money_portfolio_but/
"FII Selling - 28th November - 11,000+ Crore --- Again Started",18,14,https://www.reddit.com/r/IndianStockMarket/comments/1h1x5rn/fii_selling_28th_november_11000_crore_again/
Anyone please help me to solve this problem?,8,1,https://www.reddit.com/r/IndianStockMarket/comments/1h22l8u/anyone_please_help_me_to_solve_this_problem/
What should i do for 20$ in indian stock market .. where should i invest ,0,18,https://www.reddit.com/r/IndianStockMarket/comments/1h2k4nx/what_should_i_do_for_20_in_indian_stock_market/
Adani ent share,0,30,https://www.reddit.com/r/IndianStockMarket/comments/1h2i85t/adani_ent_share/
I tried Intraday trading for the first time today.,56,28,https://www.reddit.com/r/IndianStockMarket/comments/1h1r6r5/i_tried_intraday_trading_for_the_first_time_today/
